{ 
	"arm_circumference_cm": "24.0_tbr", 
	"arm_length_cm": "54.0", 
	"back_build_cm": "34.0", 
	"calf_circumference_cm": "36.0", 
	"chest_circumference_cm": "81.0", 
	"crotch_height_cm": "82.0", 
	"front_build_cm": "31.0", 
	"hips_circumference_cm": "84.0", 
	"leg_length_cm": "92.0", 
	"neck_circumference_cm": "32.0", 
	"neck_pelvis_length_front_cm": "55.0", 
	"neck_waist_length_back_cm": "42.0", 
	"neck_waist_length_front_cm": "48.0_tbr", 
	"pelvis_circumference_cm": "93.0", 
	"shoulder_length_cm": "15.0", 
	"shoulder_width_cm": "40.0_tbr", 
	"thigh_circumference_cm": "53.0", 
	"under_chest_circumference_cm": "71.0", 
	"upper_arm_length_cm": "29.0", 
	"waist_circumference_cm": "69.0", 
	"height": "167.0", 
	"weight": "55.0", 
	"age": "18", 
	"gender": "female", 
	"race": "caucasian", 
	"profession": "Others"
}