{ 
	"arm_circumference_cm": "23.0_tbr", 
	"arm_length_cm": "62.0_tbr", 
	"back_build_cm": "30.0_tbr", 
	"calf_circumference_cm": "28.0", 
	"chest_circumference_cm": "80.0", 
	"crotch_height_cm": "72.0", 
	"front_build_cm": "28.0_tbr", 
	"hips_circumference_cm": "70.0", 
	"leg_length_cm": "95.0", 
	"neck_circumference_cm": "34.0", 
	"neck_pelvis_length_front_cm": "57.0", 
	"neck_waist_length_back_cm": "42.0", 
	"neck_waist_length_front_cm": "49.0", 
	"pelvis_circumference_cm": "74.0", 
	"shoulder_length_cm": "14.0_tbr", 
	"shoulder_width_cm": "37.0", 
	"thigh_circumference_cm": "42.0", 
	"under_chest_circumference_cm": "74.0", 
	"upper_arm_length_cm": "29.0_tbr", 
	"waist_circumference_cm": "63.0", 
	"height": "152.0", 
	"weight": "43.0", 
	"age": "19", 
	"gender": "male", 
	"race": "indian", 
	"profession": "Others"
}