{
	"arm_circumference_cm": "34.0", 
	"arm_length_cm": "57.0", 
	"back_build_cm": "40.0", 
	"calf_circumference_cm": "37.0", 
	"chest_circumference_cm": "103.0", 
	"crotch_height_cm": "74.0_tbr", 
	"front_build_cm": "32.0_tbr", 
	"hips_circumference_cm": "95.0", 
	"leg_length_cm": "99.0", 
	"neck_circumference_cm": "40.0", 
	"neck_pelvis_length_front_cm": "55.0_tbr", 
	"neck_waist_length_back_cm": "31.0_tbr", 
	"neck_waist_length_front_cm": "40.0_tbr", 
	"pelvis_circumference_cm": "100.0", 
	"shoulder_length_cm": "16.0", 
	"shoulder_width_cm": "46.0_tbr", 
	"thigh_circumference_cm": "60.0", 
	"under_chest_circumference_cm": "95.0", 
	"upper_arm_length_cm": "30.0", 
	"waist_circumference_cm": "93.0_tbr", 
	"height": "165.0", 
	"weight": "78.0", 
	"age": "32", 
	"gender": "male", 
	"race": "indian", 
	"profession": "Farmers"
}