{
	"arm_circumference_cm": "31.0_tbr", 
	"arm_length_cm": "63.0", 
	"back_build_cm": "45.0", 
	"calf_circumference_cm": "34.0", 
	"chest_circumference_cm": "101.0", 
	"crotch_height_cm": "80.0", 
	"front_build_cm": "39.0", 
	"hips_circumference_cm": "91.0", 
	"leg_length_cm": "96.0", 
	"neck_circumference_cm": "40.0", 
	"neck_pelvis_length_front_cm": "64.0_tbr", 
	"neck_waist_length_back_cm": "53.0_tbr", 
	"neck_waist_length_front_cm": "53.0", 
	"pelvis_circumference_cm": "100.0", 
	"shoulder_length_cm": "21.0_tbr", 
	"shoulder_width_cm": "45.0_tbr", 
	"thigh_circumference_cm": "54.0", 
	"under_chest_circumference_cm": "99.0", 
	"upper_arm_length_cm": "29.0_tbr", 
	"waist_circumference_cm": "86.0", 
	"height": "165.0", 
	"weight": "75.0", 
	"age": "30", 
	"gender": "male", 
	"race": "black", 
	"profession": "Farmers"
}