{
	"arm_circumference_cm": "27.0", 
	"arm_length_cm": "55.0", 
	"back_build_cm": "33.0", 
	"calf_circumference_cm": "36.0", 
	"chest_circumference_cm": "93.0", 
	"crotch_height_cm": "73.0_tbr", 
	"front_build_cm": "30.0_tbr", 
	"hips_circumference_cm": "100.0", 
	"leg_length_cm": "90.0_tbr", 
	"neck_circumference_cm": "34.0", 
	"neck_pelvis_length_front_cm": "57.0_tbr", 
	"neck_waist_length_back_cm": "40.0_tbr", 
	"neck_waist_length_front_cm": "46.0_tbr", 
	"pelvis_circumference_cm": "106.0", 
	"shoulder_length_cm": "16.0_tbr", 
	"shoulder_width_cm": "44.0_tbr", 
	"thigh_circumference_cm": "61.0", 
	"under_chest_circumference_cm": "79.0", 
	"upper_arm_length_cm": "28.0_tbr", 
	"waist_circumference_cm": "79.0", 
	"height": "157.0", 
	"weight": "64.0", 
	"age": "33", 
	"gender": "female", 
	"race": "latino", 
	"profession": "Executives"
}