{
	"arm_circumference_cm": "34.0", 
	"arm_length_cm": "51.0", 
	"back_build_cm": "36.0", 
	"calf_circumference_cm": "47.0", 
	"chest_circumference_cm": "104.0", 
	"crotch_height_cm": "71.0", 
	"front_build_cm": "38.0", 
	"hips_circumference_cm": "110.0", 
	"leg_length_cm": "91.0", 
	"neck_circumference_cm": "36.0", 
	"neck_pelvis_length_front_cm": "60.0_tbr", 
	"neck_waist_length_back_cm": "42.0", 
	"neck_waist_length_front_cm": "49.0", 
	"pelvis_circumference_cm": "133.0", 
	"shoulder_length_cm": "15.0", 
	"shoulder_width_cm": "44.0_tbr", 
	"thigh_circumference_cm": "68.0", 
	"under_chest_circumference_cm": "92.0", 
	"upper_arm_length_cm": "26.0", 
	"waist_circumference_cm": "91.0_tbr", 
	"height": "159.0", 
	"weight": "89.0", 
	"age": "55", 
	"gender": "female", 
	"race": "caucasian", 
	"profession": "Employees"
}