{ 
	"arm_circumference_cm": "29.0_tbr", 
	"arm_length_cm": "64.0_tbr", 
	"back_build_cm": "39.0", 
	"calf_circumference_cm": "38.0_tbr", 
	"chest_circumference_cm": "112.0_tbr", 
	"crotch_height_cm": "85.0_tbr", 
	"front_build_cm": "32.0_tbr", 
	"hips_circumference_cm": "98.0_tbr", 
	"leg_length_cm": "103.0_tbr", 
	"neck_circumference_cm": "36.0_tbr", 
	"neck_pelvis_length_front_cm": "60.0_tbr", 
	"neck_waist_length_back_cm": "46.0_tbr", 
	"neck_waist_length_front_cm": "43.0_tbr", 
	"pelvis_circumference_cm": "113.0_tbr", 
	"shoulder_length_cm": "15.0_tbr", 
	"shoulder_width_cm": "42.0_tbr", 
	"thigh_circumference_cm": "48.0_tbr", 
	"under_chest_circumference_cm": "87.0_tbr", 
	"upper_arm_length_cm": "27.0", 
	"waist_circumference_cm": "88.0_tbr", 
	"height": "163.0", 
	"weight": "78.0", 
	"age": "16", 
	"gender": "male", 
	"race": "caucasian", 
	"profession": "Others"
}