{
	"arm_circumference_cm": "29.0", 
	"arm_length_cm": "60.0", 
	"back_build_cm": "44.0", 
	"calf_circumference_cm": "40.0", 
	"chest_circumference_cm": "108.0", 
	"crotch_height_cm": "74.0", 
	"front_build_cm": "42.0", 
	"hips_circumference_cm": "98.0", 
	"leg_length_cm": "96.0", 
	"neck_circumference_cm": "42.0", 
	"neck_pelvis_length_front_cm": "72.0", 
	"neck_waist_length_back_cm": "40.0", 
	"neck_waist_length_front_cm": "53.0", 
	"pelvis_circumference_cm": "104.0", 
	"shoulder_length_cm": "17.0", 
	"shoulder_width_cm": "45.0", 
	"thigh_circumference_cm": "61.0", 
	"under_chest_circumference_cm": "101.0", 
	"upper_arm_length_cm": "31.0", 
	"waist_circumference_cm": "98.0_tbr", 
	"height": "176.0", 
	"weight": "83.0", 
	"age": "23", 
	"gender": "male", 
	"race": "caucasian", 
	"profession": "Others"
}