{
	"arm_circumference_cm": "24.0", 
	"arm_length_cm": "55.0", 
	"back_build_cm": "33.0", 
	"calf_circumference_cm": "34.0", 
	"chest_circumference_cm": "79.0", 
	"crotch_height_cm": "77.0", 
	"front_build_cm": "31.0", 
	"hips_circumference_cm": "70.0_tbr", 
	"leg_length_cm": "95.0", 
	"neck_circumference_cm": "33.0", 
	"neck_pelvis_length_front_cm": "54.0", 
	"neck_waist_length_back_cm": "41.0", 
	"neck_waist_length_front_cm": "44.0", 
	"pelvis_circumference_cm": "88.0", 
	"shoulder_length_cm": "14.0", 
	"shoulder_width_cm": "40.0", 
	"thigh_circumference_cm": "49.0", 
	"under_chest_circumference_cm": "71.0", 
	"upper_arm_length_cm": "29.0", 
	"waist_circumference_cm": "68.0", 
	"height": "159.0", 
	"weight": "49.0", 
	"age": "34", 
	"gender": "female", 
	"race": "latino", 
	"profession": "Employees"
}