{
	"arm_circumference_cm": "27.0_tbr", 
	"arm_length_cm": "54.0", 
	"back_build_cm": "34.0", 
	"calf_circumference_cm": "34.0_tbr", 
	"chest_circumference_cm": "84.0", 
	"crotch_height_cm": "76.0_tbr", 
	"front_build_cm": "34.0_tbr", 
	"hips_circumference_cm": "78.0_tbr", 
	"leg_length_cm": "91.0_tbr", 
	"neck_circumference_cm": "34.0", 
	"neck_pelvis_length_front_cm": "54.0", 
	"neck_waist_length_back_cm": "37.0_tbr", 
	"neck_waist_length_front_cm": "36.0_tbr", 
	"pelvis_circumference_cm": "92.0", 
	"shoulder_length_cm": "15.0", 
	"shoulder_width_cm": "40.0_tbr", 
	"thigh_circumference_cm": "52.0_tbr", 
	"under_chest_circumference_cm": "74.0_tbr", 
	"upper_arm_length_cm": "26.0", 
	"waist_circumference_cm": "73.0_tbr", 
	"height": "161.0", 
	"weight": "55.0", 
	"age": "13", 
	"gender": "male", 
	"race": "caucasian", 
	"profession": "Others"
}